equipo_lnb,nombre,apellido,numero,posicion,altura_cm,fecha_nacimiento,lugar_nacimiento,pais_nacimiento,ficha_extranjera,categoria,overall_objetivo,notas
Argentino,Joaquín,Fernández,2,PG,188,01/08/03,Paraná (ER),Argentina,no,mayor,66,
Argentino,Josh,Ferguson,4,C,203,15/11/96,"Miami, FL (EEUU)",EEUU,no,mayor,66,
Argentino,Zyon,Patterson,5,SF,201,18/05/00,Crossett. AR (EEUU),EEUU,si,mayor,72,
Argentino,Dylan,Smith,6,SG,195,06/07/97,"Mobile, AL (EEUU)",EEUU,si,mayor,72,
Argentino,Martino,Caporaletti,7,SF,199,13/04/05,Junín (BA),Argentina,no,U21,60,
Argentino,Piero,Di Prinzio,8,PG,183,16/02/06,Junín (BA),Argentina,no,U21,60,
Argentino,Santiago,Pérez,11,SF,188,10/08/02,Resistencia (CHA),Argentina,no,mayor,66,
Argentino,Leandro,Cerminato,13,PF,199,09/06/98,El Palomar (BA),Argentina,no,mayor,66,
Argentino,Rómulo,Gusmao,16,C,207,01/10/95,Brasilia (Brasil),Brasil,si,mayor,72,
Argentino,Cristián,Cardo,17,SF,198,17/01/99,Carlos Paz (CBA),Argentina,no,mayor,66,
Argentino,Santiago,Bilbao,20,SF,198,04/01/05,Junín (BA),Argentina,no,U21,60,
Argentino,Jeremías,Sandrini,22,PG,187,03/05/93,Rosario (SF),Argentina,no,mayor,66,
Atenas,Benjamín,Imaz,1,SG,180,06/11/07,Córdoba,Argentina,no,J,56,
Atenas,Santiago,Ferreyra,3,PG,189,11/03/97,Hernándo (CBA),Argentina,no,mayor,66,
Atenas,Franco,Balbi,6,PG,184,21/08/89,Junín (BA),Argentina,no,mayor,66,
Atenas,Facundo,Vázquez,8,PG,185,23/04/98,Ciudad de Buenos Aires,Argentina,no,mayor,66,
Atenas,Adonys,Henríquez,10,SF,198,13/11/94,Orlando. FL (EEUU),EEUU,si,mayor,72,
Atenas,Gonzalo,Bressan,12,C,210,16/11/01,Córdoba,Argentina,no,mayor,66,
Atenas,Facundo,Valfre,13,C,194,20/05/08,Río Cuarto (CBA),Argentina,no,J,56,
Atenas,Germán,Misetich,14,SF,194,03/03/05,Córdoba,Argentina,no,U21,60,
Atenas,Tomás,Cavallero,18,SF,196,24/05/98,Ciudad de Buenos Aires,Argentina,no,mayor,66,
Atenas,Juan Pablo,Arengo,20,SG,185,05/06/96,Corrientes,Argentina,no,mayor,66,
Atenas,Daniel,Lester,21,PF,200,16/08/96,Pensacola. FL (EEUU),EEUU,si,mayor,72,
Atenas,Bryan,Carabalí,22,C,214,24/08/99,San Lorenzo. Esmeralda (Ecuador),Ecuador,si,mayor,72,
Boca Juniors,Mike,Warren,0,SG,196,07/11/95,Washington DC (EEUU),EEUU,si,mayor,72,
Boca Juniors,Lucas,Faggiano,3,PG,188,21/03/89,Bahía Blanca (BA),Argentina,no,mayor,66,
Boca Juniors,Nicolás,Stenta,4,SF,200,30/01/04,Venado Tuerto (SF),Argentina,no,U21,60,
Boca Juniors,Kriss,Helmanis,7,C,210,07/04/02,Leverkusen (Alemania),Alemania,si,mayor,72,
Boca Juniors,José,Vildoza,10,PG,190,15/01/96,Córdoba,Argentina,no,mayor,66,
Boca Juniors,Mateo,Fessia,12,PG,190,04/02/08,Sunchales (SF),Argentina,no,J,56,
Boca Juniors,Tomás,Monacchi,13,SG,195,10/11/97,Mar del Plata (BA),Argentina,no,mayor,66,
Boca Juniors,Valentino,Finetti,14,SF,205,05/08/05,Salta,Argentina,no,U21,60,
Boca Juniors,Nicholas,Petri,15,C,213,03/02/06,"Provo, Utah (EEUU)",EEUU,no,U21,60,
Boca Juniors,Elías,Torrens,17,C,203,27/05/08,Capital Federal,Argentina,no,J,56,
Boca Juniors,Agustín,Barreiro,19,SF,202,02/02/99,Cañuelas (BA),Argentina,no,mayor,66,
Boca Juniors,Leonardo,Lema,20,PF,203,20/06/98,General Pico (LP),Argentina,no,mayor,66,
Boca Juniors,Francisco,Cáffaro,22,C,215,19/05/00,Piamonte (SF),Argentina,no,mayor,66,
Boca Juniors,Martín,Cuello,44,SG,193,12/03/93,Ramos Mejía (BA),Argentina,no,mayor,66,
Ferro Carril Oeste,Emiliano,Lezcano,4,PG,186,02/05/01,Tafí Viejo (Tuc),Argentina,no,mayor,66,
Ferro Carril Oeste,José,Defelippo,5,SG,186,26/07/97,San Nicolás (BA),Argentina,no,mayor,66,
Ferro Carril Oeste,Jano,Martínez,6,PG,178,24/04/03,Bahía Blanca (BA),Argentina,no,U21,60,
Ferro Carril Oeste,Federico,Zezular,8,SF,198,09/11/01,Córdoba,Argentina,no,mayor,66,
Ferro Carril Oeste,Felipe,Rodríguez,9,SG,195,12/03/03,Ciudad de Buenos Aires,Argentina,no,U21,60,
Ferro Carril Oeste,Facundo,Piñero,10,SF,198,26/09/88,Mar del Plata (BA),Argentina,no,mayor,66,
Ferro Carril Oeste,Rodrigo,Gallegos,12,PG,188,28/01/91,Arroyo Seco (SF),Argentina,no,mayor,66,
Ferro Carril Oeste,Camilo,Rodríguez,13,SG,190,20/03/06,Ciudad de Buenos Aires,Argentina,no,U21,60,
Ferro Carril Oeste,Alejandro,Diez,14,PF,201,21/02/87,Olavarría (BA),Argentina,no,mayor,66,
Ferro Carril Oeste,Valentín,Bettiga,25,SG,193,09/10/99,Coronel Pringles (BA),Argentina,no,mayor,66,
Ferro Carril Oeste,Eduardo,Vasirani,32,C,207,16/01/91,La Plata (BA),Argentina,no,mayor,66,
Ferro Carril Oeste,Kevin,Hernández,91,C,206,28/03/91,Ciudad de Buenos Aires,Argentina,no,mayor,66,
Gimnasia y Esgrima,Obi,Okafor,0,SF,198,12/03/99,Las Vegas. NV (EEUU),EEUU,si,mayor,72,
Gimnasia y Esgrima,Sebastián,Carrasco,1,PG,180,01/11/00,Ancud (Chile),Chile,si,mayor,72,
Gimnasia y Esgrima,Felipe,Inyaco,2,SG,192,02/05/02,Penco (Chile),Chile,si,mayor,72,
Gimnasia y Esgrima,Jesús,Centeno,3,PF,200,18/10/06,Cumaná (Venezuela),Venezuela,si,U21,72,
Gimnasia y Esgrima,Marcos,Chacón,5,PG,194,24/06/03,La Habana (Cuba),Cuba,si,U21,72,
Gimnasia y Esgrima,Anyelo,Cisneros,6,C,200,31/01/97,Miranda (Venezuela),Venezuela,si,mayor,72,
Gimnasia y Esgrima,Martiniano,Dato,9,SG,188,07/12/04,Paraná (ER),Argentina,no,U21,60,
Gimnasia y Esgrima,Valentín,Forestier,11,SF,194,07/08/03,Bahía Blanca (BA),Argentina,no,mayor,66,
Gimnasia y Esgrima,Emiliano,Toretta,12,PG,185,18/09/01,Santa Fe,Argentina,no,mayor,66,
Gimnasia y Esgrima,Carlos,Rivero,14,PF,207,13/12/03,Salta,Argentina,no,U21,60,
Gimnasia y Esgrima,Amar,Sylla,20,C,205,10/01/01,Dakar (Senegal),Senegal,si,mayor,72,
Gimnasia y Esgrima,Benjamín,Kirkwood Stevens,33,C,208,21/05/99,Canadá,Canadá,no,mayor,66,
Gimnasia y Esgrima,Gino,Balbo,88,SG,190,22/06/06,Gálvez (SF),Argentina,no,U21,60,
Independiente,Agustín,Cáffaro,1,C,205,06/02/95,Piamonte (SF),Argentina,no,mayor,66,
Independiente,Juan Martín,Guerrero,2,PG,188,12/03/03,San Juan,Argentina,no,mayor,66,
Independiente,Gerónimo,Tolosa,3,SF,190,10/11/07,Rosario (SF),Argentina,no,J,56,
Independiente,Nicolás,Marcucci,6,SG,190,11/05/02,Rosario (SF),Argentina,no,mayor,66,
Independiente,Felipe,Barrionuevo,7,PG,185,24/03/05,Mar del Plata (BA),Argentina,no,U21,60,
Independiente,Patricio,Tabarez,8,SF,194,26/06/91,Presidente Derqui (BA),Argentina,no,mayor,66,
Independiente,Fortunato,Rolfi,9,SG,186,09/04/01,Resistencia (CHA),Argentina,no,mayor,66,
Independiente,Agustín,Pautasso,10,SF,193,06/11/97,María Juana (SF),Argentina,no,mayor,66,
Independiente,Ezequiel,Horen,11,C,205,18/10/05,Mendoza,Argentina,no,U21,60,
Independiente,Rolando,Vallejos,19,PF,195,19/10/00,Corrientes,Argentina,no,mayor,66,
Independiente,Andriy,Grytsak,23,SF,200,12/06/00,Ivano-Frankivsk (Ucrania),Ucrania,si,mayor,72,
Independiente,Enzo,Filippetti,27,C,201,27/05/01,Junín (BA),Argentina,no,mayor,66,
Instituto,Leandro,Vildoza,1,PG,180,22/02/94,Tafí Viejo (TUC),Argentina,no,mayor,66,
Instituto,Kadir,Pomare,2,SF,194,27/01/03,San Andrés (Colombia),Colombia,no,U21,60,
Instituto,Gastón,Whelan,5,PG,189,10/06/94,Córdoba,Argentina,no,mayor,66,
Instituto,Torren,Jones,6,C,206,28/10/94,"Chicago, IL (EEUU)",EEUU,no,mayor,66,
Instituto,Bautista,Lugarini,9,SF,203,31/01/01,San Nicolás (BA),Argentina,no,mayor,66,
Instituto,Juan Pablo,Corbalán,10,SG,185,22/08/98,Resistencia (CHA),Argentina,no,mayor,66,
Instituto,Lucca,Giuliani,11,SF,198,18/09/07,Paraná (ER),Argentina,no,J,56,
Instituto,Federico,Aguerre,12,SF,203,27/10/88,Mendoza,Argentina,no,mayor,66,
Instituto,Vicente,Garello,13,PF,200,16/11/00,Rosario (SF),Argentina,no,mayor,66,
Instituto,Santiago,Guasco,17,C,204,19/09/07,El Bolsón (RN),Argentina,no,J,56,
Instituto,Xavier,Carreras,72,SF,198,10/09/94,Bayaguana (Dominicana),República Dominicana,no,mayor,66,
Instituto,Bautista,Aguilar,77,,,30/01/07,Chilecito (LR),Argentina,no,J,56,falta altura y puesto en la fuente
La Unión,Brandon,Beavers,0,SG,188,15/05/01,Columbus. OH (EEUU),EEUU,si,mayor,72,
La Unión,Tommy,Nuno,2,SF,196,02/01/98,Half Moon Bay. CA (EEUU),EEUU,si,mayor,72,
La Unión,Yerferson,Guerra,3,SG,192,07/06/03,Caracas (Venezuela),Venezuela,no,mayor,66,
La Unión,Mariano,Marina,4,PG,185,13/05/99,Olavarria (BA),Argentina,no,mayor,66,
La Unión,Sebastián,Acevedo,6,PF,198,13/09/90,Santiago del Estero,Argentina,no,mayor,66,
La Unión,Alexis,Elsener,7,SF,194,23/02/88,Villa María (CBA),Argentina,no,mayor,66,
La Unión,Agustín,Facello,9,PG,183,18/08/99,Paraná (ER),Argentina,no,mayor,66,
La Unión,Hugo,Paez,12,C,205,13/09/05,Ciudad del Este (Paraguay),Paraguay,no,U21,60,
La Unión,Windi,Graterol,15,C,204,10/09/86,Caracas (Venezuela),Venezuela,si,mayor,72,
La Unión,Franco,Alorda,17,C,207,24/02/99,Corrientes,Argentina,no,mayor,66,
La Unión,Facundo,Mariano,20,PF,200,09/12/05,Olavarría (BA),Argentina,no,U21,60,
La Unión,Augusto,Moresco,21,SF,188,28/09/05,Rosario (SF),Argentina,no,U21,60,
Lanús,Robert,Whitfield,3,SG,190,30/03/97,"Raleigh, NC (EEUU)",EEUU,si,mayor,72,
Lanús,Juan,Brussino,5,PG,185,14/10/91,Cañada de Gómez (SF),Argentina,no,mayor,66,
Lanús,Martín,Franchino,7,PF,198,16/08/93,Lanús (BA),Argentina,no,mayor,66,
Lanús,Edgar,Merchant,9,SF,200,04/09/02,Zárate (BA),Argentina,no,mayor,66,
Lanús,Alejo,Sacchi,10,SF,192,30/12/03,Lanús (BA),Argentina,no,U21,60,
Lanús,Christian,James,12,SF,193,23/10/96,"Houston, Texas (EEUU)",EEUU,si,mayor,72,
Lanús,Pedro,Bombino,,C,208,21/03/00,Ciego de Ávila (Cuba),Cuba,no,mayor,66,sin número en la fuente
Lanús,Fabrizio,Helale,,SG,188,2006,Lanús (BA),Argentina,no,mayor,66,sin número en la fuente; solo año de nacimiento
Lanús,Joaquín,Celíz,20,SG,195,20/10/08,CABA,Argentina,no,mayor,66,
Lanús,Lucas,Andújar,22,PG,187,25/11/96,Quilmes (BA),Argentina,no,mayor,66,
Lanús,Francisco,Varoni,,PG,185,2006,"La Plata, BA",Argentina,no,mayor,66,sin número en la fuente; solo año de nacimiento
Lanús,Melvin,Johnson,32,SG,190,19/06/93,"Bronx, NY (EEUU)",EEUU,si,mayor,72,
Lanús,Fabián,Ramírez Barrios,33,PF,197,23/02/90,Corrientes,Argentina,no,mayor,66,
Oberá Tenis Club,Ty,Prince,1,SF,198,23/09/99,"Jacksonville, TX (EEUU)",EEUU,si,mayor,72,
Oberá Tenis Club,Jonatan,Torresi,2,SG,191,13/05/94,Casilda (SF),Argentina,no,mayor,66,
Oberá Tenis Club,Víctor,Fernández,4,PG,176,16/09/99,San Nicolás (BA),Argentina,no,mayor,66,
Oberá Tenis Club,Alejo,Azpilicueta,7,SF,201,25/04/02,Bahía Blanca (BA),Argentina,no,U21,60,
Oberá Tenis Club,Santiago,Barrales,8,SF,197,28/08/98,Chivilcoy (BA),Argentina,no,mayor,66,
Oberá Tenis Club,Bruno,Sansimoni,10,PG,193,22/04/96,Olavarria (BA),Argentina,no,mayor,66,
Oberá Tenis Club,Agustín,Brocal,11,SG,191,09/10/97,Resistencia (CHA),Argentina,no,mayor,66,
Oberá Tenis Club,Albano,Costa,13,PG,190,28/04/06,Bahía Blanca (BA),Argentina,no,U21,60,
Oberá Tenis Club,Will,Vorhees,41,PF,203,18/12/95,Lima. OH (EEUU),EEUU,si,mayor,72,
Oberá Tenis Club,Juan Cruz,Oberto,77,PF,200,25/01/97,Las Varillas (CBA),Argentina,no,mayor,66,
Oberá Tenis Club,Milton,Mousquere,,PG,173,12/11/06,Oberá (MIS),Argentina,no,U21,60,sin número en la fuente
Oberá Tenis Club,Matheus,Simao,,C,206,08/12/06,San Pablo (Brasil),Brasil,si,U21,72,sin número en la fuente
Olímpico,Austin,Wtighten,0,SG,193,04/12/96,"Woodbridge, VA (EEUU)",EEUU,si,mayor,72,
Olímpico,Andrew,Corum,1,PF,201,01/09/97,Leesburg. VI (EEUU),EEUU,si,mayor,72,
Olímpico,Lucas,Pérez,4,PG,185,18/12/87,Viedma (RN),Argentina,no,mayor,66,
Olímpico,Santino,Romegialli,6,SF,204,27/05/03,Firmat (SF),Argentina,no,U21,60,
Olímpico,Ezequiel,Paz,10,PG,190,20/01/01,Córdoba,Argentina,no,mayor,66,
Olímpico,Jeremías,Frontera,11,PG,186,12/01/00,Cruz del Eje (CBA),Argentina,no,mayor,66,
Olímpico,Agustín,Vergara,13,SF,200,19/03/01,Córdoba,Argentina,no,mayor,66,
Olímpico,Guido,Mariani,18,SF,195,18/08/94,Rosario (SF),Argentina,no,mayor,66,
Olímpico,Joaquín,López,26,PF,205,26/05/06,Tigre (BA),Argentina,no,U21,60,
Olímpico,Hall,Elisias,34,C,203,02/01/98,"Valley Stream, NY (EEUU)",EEUU,si,mayor,72,
Peñarol,Al,Thornton,1,PF,203,07/12/83,Perry. GA (EEUU),EEUU,si,mayor,72,
Peñarol,Iván,Basualdo,3,C,203,16/01/90,Santa Fe,Argentina,no,mayor,66,
Peñarol,Luciano,Guerra,4,PG,185,02/09/97,Colonia Caroya (CBA),Argentina,no,mayor,66,
Peñarol,Andrés,Jaime,10,PG,185,13/03/00,Santa Fe,Argentina,no,mayor,66,
Peñarol,Martín,Chapero,11,C,202,24/11/07,Vera (SF),Argentina,no,J,56,
Peñarol,Selem,Safar,15,SG,190,06/05/87,Mar del Plata (BA),Argentina,no,mayor,66,número repetido en el equipo
Peñarol,Nicolás,Chiaraviglio,15,SF,199,01/04/04,Sunchales (SF),Argentina,no,U21,60,número repetido en el equipo
Peñarol,Sebastián,Vega,17,SF,200,09/07/88,Gualeguaychú (ER),Argentina,no,mayor,66,
Peñarol,Agustín,Pérez Tapia,18,SG,187,19/03/99,Neuquén,Argentina,no,mayor,66,número repetido en el equipo
Peñarol,Ignacio,Bednarek,18,C,204,19/03/02,Rosario (SF),Argentina,no,mayor,66,número repetido en el equipo
Peñarol,Gonzalo,Aman,19,PG,185,21/04/08,Olavarría (BA),Argentina,no,J,56,
Peñarol,Gian Luca,Rossi,33,PG,180,07/01/05,Villa Ángela (CHA),Argentina,no,U21,60,
Peñarol,Franco,Giorgetti,99,PF,203,02/12/92,Resistencia (CHA),Argentina,no,mayor,66,
Platense,Anthoan,Urbina,7,PG,190,07/09/05,Caracas (Venezuela),Venezuela,si,U21,72,
Platense,Mariano,Goicoechea,8,SG,195,09/02/04,Formosa,Argentina,no,U21,60,
Platense,Ramiro,Santiago,9,PG,193,16/03/99,Bahía Blanca (BA),Argentina,no,mayor,66,
Platense,Franco,Smaniotti,10,SG,193,04/12/00,Vicente López (BA),Argentina,no,mayor,66,
Platense,Federico,Grun,11,SG,191,13/11/96,Patagones (BA),Argentina,no,mayor,66,
Platense,Julián,Morales,12,SF,195,01/06/95,Goya (COR),Argentina,no,mayor,66,
Platense,Gastón,Córdoba,13,PF,200,17/09/94,Freyre (CBA),Argentina,no,mayor,66,
Platense,Facundo,Terra,15,PG,188,14/05/98,Montevideo (Uruguay),Uruguay,si,mayor,72,
Platense,Giovanni,Pappalardi,21,C,201,26/05/07,Ciudad de Buenos Aires,Argentina,no,J,56,
Platense,Nicolás,Burgos,25,C,207,25/07/03,Junín (BA),Argentina,no,mayor,66,
Platense,Erik,Copes,26,C,203,29/01/93,"Filadelphia, Pensilvania (EEUU)",EEUU,si,mayor,72,
Platense,Mauro,Cosolito,30,SF,192,18/12/88,Santa Fe,Argentina,no,mayor,66,
Quimsa,Patricio,Cogliati,0,C,203,12/12/06,Casilda (SF),Argentina,no,U21,60,
Quimsa,Tyren,Johnson,2,PF,203,24/07/88,"New Orleans, LA (EEUU)",EEUU,si,mayor,72,
Quimsa,Ignacio,Laterza,4,PG,182,07/05/97,Necochea (BA),Argentina,no,mayor,66,
Quimsa,Nicolás,Copello,6,PG,193,11/02/92,Santa Fe,Argentina,no,mayor,66,
Quimsa,Francisco,Conrradi,9,PG,192,20/11/03,Hermoso Campo (CHA),Argentina,no,mayor,66,
Quimsa,Matías,Solanas,10,SG,193,17/12/98,Paraná (ER),Argentina,no,mayor,66,
Quimsa,Franco,Méndez,12,SG,185,07/03/02,Corrientes,Argentina,no,mayor,66,
Quimsa,Facundo,Rutenberg,22,SG,195,06/02/01,Tres de Febrero (BA),Argentina,no,mayor,66,
Quimsa,Nicolás,Martínez,30,C,206,28/10/03,Montevideo (Uruguay),Uruguay,si,mayor,72,
Quimsa,Javier,Saiz,41,PF,206,26/02/94,Córdoba,Argentina,no,mayor,66,
Quimsa,Enzo,Roth,77,SG,192,14/01/09,Oberá (MIS),Argentina,no,J,56,
Quimsa,Tayavek,Gallizzi,83,C,206,08/02/93,Santa Fe,Argentina,no,mayor,66,
Racing,Mateo,Chiarini,2,SG,188,04/09/98,Córdoba,Argentina,no,mayor,66,
Racing,Pedro,Barral,3,PG,187,20/10/94,Morón (BA),Argentina,no,mayor,66,
Racing,Joaquín,Valinotti,4,PG,185,01/12/98,Las Rosas (SF),Argentina,no,mayor,66,
Racing,Manuel,Rodríguez,6,SF,197,05/03/02,Neuquén (NEU),Argentina,no,mayor,66,
Racing,Santiago,Assum,9,SF,194,07/12/98,Río Tercero (CBA),Argentina,no,mayor,66,
Racing,Marcos,Delía,12,C,208,08/04/92,Saladillo (BA),Argentina,no,mayor,66,
Racing,Juan,Respaud,13,PG,190,07/07/05,Concepción del Uruguay (ER),Argentina,no,U21,60,
Racing,Emilio,Stucky,14,PF,198,24/04/94,Campo Quijano (SAL),Argentina,no,mayor,66,
Racing,Tomás,Delía,18,C,200,18/03/06,Saladillo (BA),Argentina,no,U21,60,
Racing,Juan,Bocca,20,SF,198,18/03/05,Capilla del Señor (BA),Argentina,no,U21,60,
Racing,Abraham,Barahona,21,PF,195,25/03/03,"San Lorenzo, Orellana (Ecuador)",Ecuador,si,U21,72,
Racing,Matías,Morera,22,SG,187,05/08/99,Chivilcoy (BA),Argentina,no,mayor,66,
Racing,Nicolás,Romano,33,PF,201,01/11/87,Junín (BA),Argentina,no,mayor,66,
Regatas,Keith,Stone,1,PF,203,25/08/97,"Deerfield Beach, FL (EEUU)",EEUU,si,mayor,72,
Regatas,Francisco,Farabello,3,PG,190,01/11/00,Olavarría (BA),Argentina,no,mayor,66,
Regatas,Exequiel,Lezcano,4,PG,180,04/03/07,Tafi Viejo (TUC),Argentina,no,J,56,
Regatas,Iván,Gramajo,5,SF,193,02/02/96,Tucumán,Argentina,no,mayor,66,
Regatas,Sebastian,Orresta,6,PG,188,06/05/93,Tafi Viejo (TUC),Argentina,no,mayor,66,
Regatas,Viktor,Bender,7,SF,197,21/10/06,Corrientes,Argentina,no,U21,60,
Regatas,Elian,Centeno,8,PF,202,18/07/00,Caracas (Venezuela),Venezuela,si,mayor,72,
Regatas,José,Montero,10,SG,194,02/01/95,Santiago del Estero,Argentina,no,mayor,66,
Regatas,Francisco,Ferraro,11,SF,196,09/02/04,Saenz Peña (CHA),Argentina,no,U21,60,
Regatas,Alan,Ledesma,20,SG,187,14/11/06,Corrientes,Argentina,no,U21,60,
Regatas,Fausto,Ruesga,22,SF,201,17/07/00,Bahía Blanca (BA),Argentina,no,mayor,66,
Regatas,Roberto,Acuña,35,C,203,14/09/90,Rafaela (SF),Argentina,no,mayor,66,
San Lorenzo,Lucas,Gargallo,1,SF,194,20/02/95,Ciudad de Buenos Aires,Argentina,no,mayor,66,
San Lorenzo,Thiago,Roca,2,SF,192,08/06/04,Ramos Mejía (BA),Argentina,no,U21,60,
San Lorenzo,Raynere,Thornton,3,SF,201,14/09/95,"Marietta, GA (EEUU)",EEUU,si,mayor,72,
San Lorenzo,Valentino,Nesci,5,PF,202,05/03/04,Ciudad de Buenos Aires,Argentina,no,U21,60,
San Lorenzo,Marcos,Mata,6,SF,201,01/08/86,Mar del Plata (BA),Argentina,no,mayor,66,
San Lorenzo,Nicolás,Aguirre,7,PG,189,31/03/88,Santiago del Estero,Argentina,no,mayor,66,
San Lorenzo,Santiago,Calderón,9,PG,185,16/03/02,San Jorge (SF),Argentina,no,mayor,66,
San Lorenzo,Cli’Ron,Hornbeak,10,C,206,10/09/03,"Toledo, OH (EEUU)",EEUU,si,mayor,72,
San Lorenzo,Leonel,Schattmann,20,SG,194,14/05/87,Viedma (RN),Argentina,no,mayor,66,
San Lorenzo,Santiago,Tallade,21,SF,195,27/07/05,"Aldo Bonzi, La Matanza",Argentina,no,U21,60,
San Lorenzo,Eric,Flor,23,SG,186,10/05/93,Merlo (BA),Argentina,no,mayor,66,
San Lorenzo,Antun,Maricevic,33,PF,206,07/07/97,Nova Gradiska (Croacia),Croacia,si,mayor,72,
San Martín,Diego,Collomb,0,SG,192,01/10/04,Esperanza (SF),Argentina,no,U21,60,
San Martín,Juan,Gorosito,2,SG,183,16/03/03,Ceres (SF),Argentina,no,mayor,66,
San Martín,Salvador,Giletto,4,PF,195,08/02/93,Resistencia (CHA),Argentina,no,mayor,66,
San Martín,Gastón,García,5,PG,188,15/12/98,Reconquista (SF),Argentina,no,mayor,66,
San Martín,Daniel,Moreira,7,C,206,04/07/03,Río de Janeiro (BRA),Brasil,si,mayor,72,
San Martín,Gerónimo,Ramallo,13,SF,200,02/10/04,Rosario (SF),Argentina,no,U21,60,
San Martín,Mateo,Rearte,12,SG,183,31/03/06,Mercedes (COR),Argentina,no,U21,60,
San Martín,Lautaro,Berra,15,C,208,09/01/98,Firmat (SF),Argentina,no,mayor,66,
San Martín,Sebastián,Lugo,16,SF,197,26/03/98,Resistencia (CHA),Argentina,no,mayor,66,
San Martín,Joaquín,Fernández,18,SF,195,02/05/08,Corrientes,Argentina,no,J,56,
San Martín,Dante,Saettone,44,PG,189,29/07/08,Corrientes,Argentina,no,J,56,
San Martín,Valentino,Saucedo,27,SG,194,01/02/08,Corrientes,Argentina,no,J,56,
